insert into regions (id, code, name, created_at) values
    (1, 'RU-MOW', 'Москва', '2026-04-05 08:27:34.000838'),
    (2, 'RU-PNZ', 'Пензенская область', '2026-04-05 08:27:34.000838'),
    (3, 'RU-SPE', 'Санкт-Петербург', '2026-04-05 09:07:46.175147'),
    (4, 'RU-MOS', 'Московская область', '2026-04-05 09:07:46.175147'),
    (5, 'RU-TA', 'Республика Татарстан', '2026-04-05 09:07:46.175147')
on conflict (id) do nothing;

insert into region_aliases (id, region_id, alias) values
    (1, 1, 'Москва'),
    (2, 1, 'Зеленоград'),
    (3, 2, 'Пенза'),
    (4, 2, 'Пензенская область'),
    (5, 3, 'Санкт-Петербург'),
    (6, 3, 'СПб'),
    (7, 3, 'ИТМО'),
    (8, 4, 'Московская область'),
    (9, 4, 'Красногорск'),
    (10, 5, 'Республика Татарстан'),
    (11, 5, 'Татарстан'),
    (12, 5, 'Набережные Челны'),
    (13, 5, 'КАМАЗ')
on conflict (id) do nothing;

insert into achievements (
    id,
    region_id,
    slug,
    title,
    location_name,
    inventor,
    period_text,
    description,
    source_label,
    sort_order,
    created_at,
    image_url,
    image_alt,
    image_caption
) values
    (
        1,
        1,
        'agat',
        'Агат',
        'Москва',
        null,
        '1981–1983; выпуск примерно 1984–1990',
        '8-битный персональный компьютер, разработанный для советских школ. Архитектура вдохновлена Apple II, использовал процессор семейства MOS 6502, поддерживал кассетные накопители и позже 5¼-дюймовые дискеты.',
        'Изобретения Богомазов.pdf',
        10,
        '2026-04-05 08:27:47.276497',
        null,
        null,
        null
    ),
    (
        2,
        1,
        'elektronika-bk-0010',
        'Elektronika BK-0010',
        'Зеленоград',
        null,
        null,
        'Домашний 16-битный компьютер, совместимый с архитектурой PDP-11. Использовал процессор К1801ВМ1, подключался к телевизору как монитор, программы могли загружаться с кассет. Один из немногих официально массовых домашних компьютеров СССР.',
        'Изобретения Богомазов.pdf',
        20,
        '2026-04-05 08:27:47.276497',
        null,
        null,
        null
    ),
    (
        3,
        1,
        'ibm-pc-compatible-prototypes',
        'IBM PC-совместимые советские прототипы',
        'Москва',
        null,
        null,
        'Экспериментальные персональные компьютеры, разработанные для совместимости с IBM PC. Создавались для адаптации западных стандартов, но многие остались на стадии прототипов и выставочных образцов.',
        'Изобретения Богомазов.pdf',
        30,
        '2026-04-05 08:27:47.276497',
        null,
        null,
        null
    ),
    (
        4,
        1,
        'besm',
        'БЭСМ',
        'Москва',
        'Сергей Лебедев',
        'начало 1950-х',
        'Один из самых мощных компьютеров Европы начала 1950-х. Скорость до ~8000 операций в секунду. Использовался для космических и оборонных расчётов.',
        'Изобретения Богомазов.pdf',
        40,
        '2026-04-05 08:27:47.276497',
        null,
        null,
        null
    ),
    (
        5,
        1,
        'besm-6',
        'БЭСМ-6',
        'Москва',
        'коллектив ИТМиВТ под руководством Лебедева',
        '1960-е',
        'Один из наиболее успешных советских научных компьютеров. Производительность около 1 млн операций в секунду. Использовался в космической программе и научных институтах.',
        'Изобретения Богомазов.pdf',
        50,
        '2026-04-05 08:27:47.276497',
        null,
        null,
        null
    ),
    (
        6,
        1,
        'strela',
        'Стрела',
        'Москва',
        'СКБ-245',
        '1953',
        'Один из первых серийных советских компьютеров. Использовался для военных и ядерных расчётов. Было произведено около 7 машин.',
        'Изобретения Богомазов.pdf',
        60,
        '2026-04-05 08:27:47.276497',
        null,
        null,
        null
    ),
    (
        7,
        2,
        'ural',
        'Урал',
        'Пенза',
        'Башир Рамеев',
        null,
        'Серия универсальных компьютеров (Ural-1, Ural-2 и др.). Использовались в промышленности и планировании. Одни из первых массово выпускаемых ЭВМ в СССР.',
        'Изобретения Богомазов.pdf',
        70,
        '2026-04-05 08:27:47.276497',
        null,
        null,
        null
    ),
    (
        8,
        1,
        'automatic-digital-machine-project-1948',
        'Проект автоматической цифровой электронной машины',
        'Москва',
        'И. С. Брук, Б. И. Рамеев',
        '1948',
        'Первый официально оформленный проект цифровой ЭВМ в СССР. Предполагал создание универсальной электронной вычислительной машины с программным управлением.',
        'Изобретения Богомазов.pdf',
        80,
        '2026-04-05 08:27:47.276497',
        null,
        null,
        null
    ),
    (
        9,
        1,
        'm-series',
        'ЭВМ серии М',
        'Москва',
        'Исаак Семёнович Брук, Михаил Карцев, Николай Матюхин',
        '1951–1956',
        'Серия ранних советских универсальных электронных цифровых вычислительных машин. Включала М-1, М-2 и М-3 и сыграла важную роль в становлении советской вычислительной техники.',
        'Изобретения Богомазов.pdf',
        90,
        '2026-04-05 08:27:47.276497',
        null,
        null,
        null
    ),
    (
        10,
        1,
        'setun',
        'Сетунь',
        'Москва',
        'Н. П. Брусенцов',
        '1958',
        'Уникальная вычислительная машина, использовавшая троичную систему счисления вместо двоичной.',
        'Изобретения Богомазов.pdf',
        100,
        '2026-04-05 08:27:47.276497',
        null,
        null,
        null
    ),
    (
        11,
        1,
        'elektronika-70',
        'Электроника-70',
        'Москва',
        'НИИ «Циклон»',
        null,
        'Настольная программируемая вычислительная машина для научных и инженерных расчётов. Поддерживала внешние устройства: графопостроители, перфоленты, печатающие устройства и внешние накопители.',
        'Изобретения Богомазов.pdf',
        110,
        '2026-04-05 08:27:47.276497',
        null,
        null,
        null
    ),
    (
        12,
        1,
        'asu',
        'Автоматизированные системы управления (АСУ)',
        'Москва',
        null,
        null,
        'Комплексные компьютерные системы управления предприятиями и производственными процессами. Использовались для планирования производства, управления технологическими линиями и обработки больших массивов экономической информации.',
        'Изобретения Богомазов.pdf',
        120,
        '2026-04-05 08:27:47.276497',
        null,
        null,
        null
    ),
    (
        13,
        1,
        'sm-evm',
        'Система малых ЭВМ (СМ ЭВМ)',
        'Москва',
        'коллектив разработчиков Минприбора СССР, генеральный конструктор Н. Л. Прохоров',
        null,
        'Семейство управляющих мини-компьютеров, разработанных для автоматизации производственных процессов.',
        'Изобретения Богомазов.pdf',
        130,
        '2026-04-05 08:27:47.276497',
        null,
        null,
        null
    ),
    (
        14,
        1,
        'industrial-microprocessor-complexes',
        'Микропроцессорные управляющие комплексы промышленной автоматизации',
        'Зеленоград',
        'НИИ микроэлектроники и предприятия Министерства электронной промышленности',
        null,
        'Системы управления на базе микропроцессоров, применявшиеся в автоматизации производства.',
        'Изобретения Богомазов.pdf',
        140,
        '2026-04-05 08:27:47.276497',
        null,
        null,
        null
    ),
    (
        15,
        1,
        'elbrus',
        'Эльбрус',
        'Москва',
        'ИТМиВТ имени Лебедева, В. С. Бурцев',
        '1973–1978',
        'Процессорная архитектура и семейство универсальных VLIW-микропроцессоров. Особенности: отсутствие микрокода, длинное командное слово, динамическая двоичная трансляция, защищённый режим работы.',
        'Пользовательский список достижений',
        150,
        '2026-04-05 09:08:11.769700',
        null,
        null,
        null
    ),
    (
        16,
        1,
        'mvs-1000m',
        'МВС-1000/М',
        'Москва',
        'НИИ «Квант» и РАН',
        '2000–2001',
        'Суперкомпьютер с пиковой производительностью 10^12 FLOPS, 768 ГБ RAM, площадью 100 м² и мощностью 120 кВА. Вычислительные модули связаны Myrinet2000 и Fast Ethernet.',
        'Пользовательский список достижений',
        160,
        '2026-04-05 09:08:11.769700',
        null,
        null,
        null
    ),
    (
        17,
        1,
        'yandex',
        'Яндекс',
        'Москва',
        'Аркадий Волож, Илья Сегалович',
        'поиск с 1997, компания с 2000',
        'Российская IT-корпорация, изначально ориентированная на поисковый механизм. Предоставляет более 50 веб-сервисов: карты, такси, маркет, облако, почту и другие.',
        'Пользовательский список достижений',
        170,
        '2026-04-05 09:08:11.769700',
        null,
        null,
        null
    ),
    (
        18,
        1,
        'kaspersky',
        'Лаборатория Касперского',
        'Москва',
        'Евгений Касперский',
        'с 1997',
        'Компания в области кибербезопасности: антивирусы, антиспам, обнаружение и расследование инцидентов. Присутствует более чем в 200 странах.',
        'Пользовательский список достижений',
        180,
        '2026-04-05 09:08:11.769700',
        null,
        null,
        null
    ),
    (
        19,
        1,
        '1c',
        '1С',
        'Москва',
        'Борис Нуралиев',
        'с 1991',
        'Компания по разработке и поддержке программного обеспечения и СУБД для бизнеса и образования. Ключевой продукт — платформа «1С:Предприятие».',
        'Пользовательский список достижений',
        190,
        '2026-04-05 09:08:11.769700',
        null,
        null,
        null
    ),
    (
        20,
        1,
        'postgres-pro',
        'Postgres Pro',
        'Москва',
        'Postgres Professional',
        'с 2015',
        'Форк PostgreSQL с ранним доступом к новым функциям, поддержкой JSONB, расширенными политиками аутентификации, query hints, инкрементальным резервным копированием и мониторингом через Mamonsu.',
        'Пользовательский список достижений',
        200,
        '2026-04-05 09:08:11.769700',
        null,
        null,
        null
    ),
    (
        21,
        1,
        'yadro',
        'YADRO',
        'Москва',
        'Морозов Н. Л., Черепенников, Усманов',
        'с 2014',
        'Российская технологическая компания, разрабатывающая вычислительные платформы, системы хранения данных, телеком-оборудование, микропроцессоры, операционные системы и облачные сервисы.',
        'Пользовательский список достижений',
        210,
        '2026-04-05 09:08:11.769700',
        null,
        null,
        null
    ),
    (
        22,
        3,
        'kotlin',
        'Kotlin',
        'Санкт-Петербург',
        'Андрей Бреслав, JetBrains / ИТМО',
        null,
        'Кроссплатформенный статически типизированный объектно-ориентированный язык на JVM. Компилируется в JVM-байткод, JavaScript и нативный код через LLVM. Полностью совместим с Java.',
        'Пользовательский список достижений',
        220,
        '2026-04-05 09:08:19.944172',
        null,
        null,
        null
    ),
    (
        23,
        3,
        'selectel',
        'Selectel',
        'Санкт-Петербург',
        'Вячеслав Мирилашвили, Лев Левиев',
        'с 2008',
        'Российская технологическая компания, предоставляющая облачные инфраструктурные сервисы и услуги дата-центров.',
        'Пользовательский список достижений',
        230,
        '2026-04-05 09:08:19.944172',
        null,
        null,
        null
    ),
    (
        24,
        4,
        'aurora-os',
        'Аврора',
        'Московская область',
        null,
        'версия 5.0 — декабрь 2023',
        'Российская мобильная ОС на базе Sailfish OS для государственных структур с закрытым исходным кодом. Поддерживает централизованное управление устройствами, шифрование данных и многофакторную аутентификацию.',
        'Пользовательский список достижений',
        240,
        '2026-04-05 09:08:28.721583',
        null,
        null,
        null
    ),
    (
        25,
        4,
        'baikal-m',
        'Baikal-M',
        'Красногорск',
        'Baikal Electronics',
        '2016–2018',
        'Энергоэффективный процессор семейства Baikal, первоначально на MIPS, затем ARMv8-A, с графикой Mali-T628. Используется в рабочих станциях и серверах на Astra Linux.',
        'Пользовательский список достижений',
        250,
        '2026-04-05 09:08:28.721583',
        null,
        null,
        null
    ),
    (
        26,
        5,
        'kamaz-autonomous-trucks',
        'КАМАЗ (беспилотные грузовики)',
        'Набережные Челны',
        null,
        null,
        'Проект беспилотных тягачей «КАМАЗ-54901» на трассе М-11: машины с компьютерным зрением, навигацией и CAN-управлением тормозами, рулём, двигателем и коробкой передач.',
        'Пользовательский список достижений',
        260,
        '2026-04-05 09:08:37.203020',
        null,
        null,
        null
    )
on conflict (id) do nothing;

select setval('regions_id_seq', coalesce((select max(id) from regions), 1), true);
select setval('region_aliases_id_seq', coalesce((select max(id) from region_aliases), 1), true);
select setval('achievements_id_seq', coalesce((select max(id) from achievements), 1), true);